{"name":"dispositivos_slot","identifier":"DM6F4V3XQV","description":null,"slotTypeValues":[{"synonyms":[{"value":"laptop"},{"value":"Note"},{"value":"NOTE"},{"value":"NOTEBOOK"},{"value":"notebook"}],"sampleValue":{"value":"Notebook"}},{"synonyms":[{"value":"desktop"},{"value":"Desktop"},{"value":"DESKTOP"},{"value":"Pc"},{"value":"Gabinete"},{"value":"Computador"}],"sampleValue":{"value":"PC"}}],"parentSlotTypeSignature":null,"valueSelectionSetting":{"resolutionStrategy":"TOP_RESOLUTION","regexFilter":null}}