{"name":"Region","identifier":"Y7VSCVRZN7","description":"Slot responsible for the regions of Brazil used as a filter in the database query.","slotTypeValues":[{"synonyms":[{"value":"Norte"}],"sampleValue":{"value":"Norte"}},{"synonyms":[{"value":"Nordeste"}],"sampleValue":{"value":"Nordeste"}},{"synonyms":[{"value":"Centro-Oeste"}],"sampleValue":{"value":"Centro-Oeste"}},{"synonyms":[{"value":"Sudeste"}],"sampleValue":{"value":"Sudeste"}},{"synonyms":[{"value":"Sul"}],"sampleValue":{"value":"Sul"}}],"parentSlotTypeSignature":null,"valueSelectionSetting":{"resolutionStrategy":"TOP_RESOLUTION","regexFilter":null}}