{"name":"HardwareProblems","identifier":"B3AWH0TNEK","description":null,"slotTypeValues":[{"synonyms":null,"sampleValue":{"value":"problema_nao_liga"}},{"synonyms":null,"sampleValue":{"value":"problema_tela_preta"}},{"synonyms":null,"sampleValue":{"value":"problema_reiniciando"}},{"synonyms":null,"sampleValue":{"value":"problema_desempenho_lento"}},{"synonyms":null,"sampleValue":{"value":"problema_superaquecimento"}}],"parentSlotTypeSignature":null,"valueSelectionSetting":{"resolutionStrategy":"ORIGINAL_VALUE","regexFilter":null}}