{"name":"TipType","identifier":"C8UZ3F5DDL","description":"Slot to check what type of tip the user wants to receive.","slotTypeValues":[{"synonyms":[{"value":"1"}],"sampleValue":{"value":"Qual instituição escolher?"}},{"synonyms":[{"value":"2"}],"sampleValue":{"value":"Como doar?"}},{"synonyms":[{"value":"3"}],"sampleValue":{"value":"Como achar instituições confiáveis?"}},{"synonyms":[{"value":"4"}],"sampleValue":{"value":"Qual tipo de instituição doar?"}}],"parentSlotTypeSignature":null,"valueSelectionSetting":{"resolutionStrategy":"TOP_RESOLUTION","regexFilter":null}}