{"name":"SimNao","identifier":"HJPKA4QY81","description":"Slot para capturar confirmações ou negações do usuario.","slotTypeValues":[{"synonyms":[{"value":"sim"},{"value":"Sim"},{"value":"ss"},{"value":"s"},{"value":"S"},{"value":"SS"},{"value":"SIM"},{"value":"sim!"},{"value":"Sim!"},{"value":"SIM!"},{"value":"S!"},{"value":"s!"},{"value":"SS!"},{"value":"ss!"}],"sampleValue":{"value":"Sim"}},{"synonyms":[{"value":"Não"},{"value":"não"},{"value":"nao"},{"value":"n"},{"value":"nn"},{"value":"N"},{"value":"NN"},{"value":"NÃO"},{"value":"nao!"},{"value":"Não!"},{"value":"NÃO!"},{"value":"n!"},{"value":"N!"},{"value":"NN!"}],"sampleValue":{"value":"Não"}}],"parentSlotTypeSignature":null,"valueSelectionSetting":{"resolutionStrategy":"TOP_RESOLUTION","regexFilter":null}}