{"name":"saudacao","identifier":"LUTXFX2VCZ","description":null,"parentIntentSignature":null,"sampleUtterances":[{"utterance":"oi"},{"utterance":"OI"},{"utterance":"Oi"},{"utterance":"Ola"},{"utterance":"OLA"},{"utterance":"ola"},{"utterance":"OLÁ"},{"utterance":"olá"},{"utterance":"Olá"},{"utterance":"bom dia"},{"utterance":"BOM DIA"},{"utterance":"Bom dia"},{"utterance":"boa noite"},{"utterance":"Boa noite"},{"utterance":"BOA NOITE"},{"utterance":"la ele"},{"utterance":"eae"}],"intentConfirmationSetting":null,"intentClosingSetting":null,"initialResponseSetting":{"conditional":null,"codeHook":null,"nextStep":{"sessionAttributes":{},"dialogAction":{"type":"ElicitSlot","slotToElicit":"dispositivo","suppressNextMessage":null},"intent":{"name":null,"slots":{}}},"initialResponse":{"messageGroupsList":[{"message":{"ssmlMessage":null,"customPayload":null,"plainTextMessage":{"value":"Olá! Eu sou o HelpDesk bot, seu assistente técnico de hardware. Descreva o problema que você está enfrentando, e vou te ajudar a soluciona-lo!"},"imageResponseCard":null},"variations":null}],"allowInterrupt":true}},"inputContexts":null,"outputContexts":null,"kendraConfiguration":null,"qnAIntentConfiguration":null,"bedrockAgentIntentConfiguration":null,"dialogCodeHook":{"enabled":true},"fulfillmentCodeHook":null,"slotPriorities":[{"priority":0,"slotName":"dispositivo"}]}