{"name":"RegisterIntent","identifier":"HGDKDYO0GA","description":"Responsible for registering an institution in the database.","parentIntentSignature":null,"sampleUtterances":[{"utterance":"Quero registrar uma instituição"},{"utterance":"Registrar instituição"},{"utterance":"Adicionar instituição"},{"utterance":"Adicionar uma nova instituição"},{"utterance":"Como faço o registro de uma instituição?"},{"utterance":"Cadastrar instituição"},{"utterance":"Cadastrar nova instituição"},{"utterance":"Realizar um novo cadastro"}],"intentConfirmationSetting":null,"intentClosingSetting":null,"initialResponseSetting":{"conditional":null,"codeHook":{"isActive":true,"invocationLabel":null,"postCodeHookSpecification":{"failureResponse":null,"failureNextStep":{"sessionAttributes":null,"intent":{"name":null,"slots":null},"dialogAction":{"type":"EndConversation","slotToElicit":null,"suppressNextMessage":null}},"failureConditional":null,"successResponse":null,"successNextStep":{"sessionAttributes":null,"intent":{"name":null,"slots":null},"dialogAction":{"type":"ElicitSlot","slotToElicit":"CNPJ","suppressNextMessage":null}},"successConditional":null,"timeoutResponse":null,"timeoutNextStep":{"sessionAttributes":null,"intent":{"name":null,"slots":null},"dialogAction":{"type":"EndConversation","slotToElicit":null,"suppressNextMessage":null}},"timeoutConditional":null},"enableCodeHookInvocation":true},"nextStep":{"sessionAttributes":null,"intent":{"name":null,"slots":null},"dialogAction":{"type":"InvokeDialogCodeHook","slotToElicit":null,"suppressNextMessage":null}},"initialResponse":{"messageGroupsList":[{"message":{"ssmlMessage":null,"customPayload":null,"plainTextMessage":{"value":"Olá ! Vou te ajudar a realizar o cadastro da sua instituição. Vamos começar ?!"},"imageResponseCard":null},"variations":null}],"allowInterrupt":true}},"inputContexts":null,"outputContexts":null,"kendraConfiguration":null,"qnAIntentConfiguration":null,"bedrockAgentIntentConfiguration":null,"qInConnectIntentConfiguration":null,"dialogCodeHook":{"enabled":true},"fulfillmentCodeHook":{"isActive":true,"postFulfillmentStatusSpecification":{"failureResponse":null,"failureNextStep":{"sessionAttributes":null,"intent":{"name":null,"slots":null},"dialogAction":{"type":"EndConversation","slotToElicit":null,"suppressNextMessage":null}},"successResponse":null,"successNextStep":{"sessionAttributes":null,"intent":{"name":null,"slots":null},"dialogAction":{"type":"EndConversation","slotToElicit":null,"suppressNextMessage":null}},"timeoutResponse":null,"timeoutNextStep":{"sessionAttributes":null,"intent":{"name":null,"slots":null},"dialogAction":{"type":"EndConversation","slotToElicit":null,"suppressNextMessage":null}}},"fulfillmentUpdatesSpecification":null,"enabled":true},"slotPriorities":[{"priority":5,"slotName":"InstitutionAddressNumber"},{"priority":1,"slotName":"CNPJ"},{"priority":14,"slotName":"InstitutionAddress"},{"priority":13,"slotName":"InstitutionNeighborhood"},{"priority":7,"slotName":"InstitutionDescription"},{"priority":2,"slotName":"InstitutionName"},{"priority":8,"slotName":"ImagePath"},{"priority":11,"slotName":"InstitutionState"},{"priority":3,"slotName":"InstitutionEmail"},{"priority":15,"slotName":"InstitutionRegion"},{"priority":9,"slotName":"InstitutionCep"},{"priority":6,"slotName":"InstitutionSite"},{"priority":12,"slotName":"InstitutionCity"},{"priority":10,"slotName":"ConfirmationAudio"},{"priority":4,"slotName":"InstitutionPhone"}]}