{"name":"States","identifier":"KC23HLPX9C","description":"Slot responsible for the states of Brazil used as a filter in the database query.","slotTypeValues":[{"synonyms":[{"value":"AC"},{"value":"Acre"}],"sampleValue":{"value":"AC"}},{"synonyms":[{"value":"AL"},{"value":"Alagoas"}],"sampleValue":{"value":"AL"}},{"synonyms":[{"value":"AP"},{"value":"Amapá"}],"sampleValue":{"value":"AP"}},{"synonyms":[{"value":"AM"},{"value":"Amazonas"}],"sampleValue":{"value":"AM"}},{"synonyms":[{"value":"BA"},{"value":"Bahia"}],"sampleValue":{"value":"BA"}},{"synonyms":[{"value":"CE"},{"value":"Ceará"}],"sampleValue":{"value":"CE"}},{"synonyms":[{"value":"DF"},{"value":"Distrito Federal"}],"sampleValue":{"value":"DF"}},{"synonyms":[{"value":"ES"},{"value":"Espiríto Santo"}],"sampleValue":{"value":"ES"}},{"synonyms":[{"value":"GO"},{"value":"Goiás"}],"sampleValue":{"value":"GO"}},{"synonyms":[{"value":"MA"},{"value":"Maranhão"}],"sampleValue":{"value":"MA"}},{"synonyms":[{"value":"MT"},{"value":"Mato Grosso"}],"sampleValue":{"value":"MT"}},{"synonyms":[{"value":"MS"},{"value":"Mato Grosso do Sul"}],"sampleValue":{"value":"MS"}},{"synonyms":[{"value":"MG"},{"value":"Minas Gerais"}],"sampleValue":{"value":"MG"}},{"synonyms":[{"value":"PA"},{"value":"Pará"}],"sampleValue":{"value":"PA"}},{"synonyms":[{"value":"PB"},{"value":"Paraíba"}],"sampleValue":{"value":"PB"}},{"synonyms":[{"value":"PR"},{"value":"Paraná"}],"sampleValue":{"value":"PR"}},{"synonyms":[{"value":"PE"},{"value":"Pernambuco"}],"sampleValue":{"value":"PE"}},{"synonyms":[{"value":"PI"},{"value":"Piauí"}],"sampleValue":{"value":"PI"}},{"synonyms":[{"value":"RJ"},{"value":"Rio de Janeiro"}],"sampleValue":{"value":"RJ"}},{"synonyms":[{"value":"RN"},{"value":"Rio Grande do Norte"}],"sampleValue":{"value":"RN"}},{"synonyms":[{"value":"RS"},{"value":"Rio Grande do Sul"}],"sampleValue":{"value":"RS"}},{"synonyms":[{"value":"RO"},{"value":"Rondônia "}],"sampleValue":{"value":"RO"}},{"synonyms":[{"value":"RR"},{"value":"Roraima"}],"sampleValue":{"value":"RR"}},{"synonyms":[{"value":"SC"},{"value":"Santa Catarina"}],"sampleValue":{"value":"SC"}},{"synonyms":[{"value":"SP"},{"value":"São Paulo"}],"sampleValue":{"value":"SP"}},{"synonyms":[{"value":"SE"},{"value":"Sergipe"}],"sampleValue":{"value":"SE"}},{"synonyms":[{"value":"TO"},{"value":"Tocantins"}],"sampleValue":{"value":"TO"}}],"parentSlotTypeSignature":null,"valueSelectionSetting":{"resolutionStrategy":"TOP_RESOLUTION","regexFilter":null}}